uid,name,longitude,latitude,free_bikes,empty_slots,entertainment,education,dining,park,shopping,metro_station,library,financial
66,66 - EstaÃ§Ã£o de Bondes,-43.178429,-22.910029,1,10,17,16,10,3,78,3,3,3
26,26 - Iate Clube,-43.173126,-22.953387,22,0,1,6,6,0,53,0,0,1
20,20 - Cobal,-43.196941,-22.953847,2,19,2,3,5,1,26,0,0,0
21,21 - Real Grandeza,-43.192913,-22.954165,1,16,2,5,5,0,44,0,0,0
22,22 - General Polidoro,-43.188818,-22.957157,3,12,3,6,7,1,45,0,1,0
23,23 - PrÃ³ CardÃ­aco Botafogo,-43.185633,-22.956109,8,11,1,8,6,1,91,0,1,2
4,4 - Largo de SÃ£o Francisco,-43.18007,-22.905594,1,15,16,15,13,2,82,2,3,4
8,8 - MAM,-43.172129,-22.912771,3,19,11,13,5,2,34,3,2,1
59,59 - Boulevard 28 de setembro 157,-43.240117,-22.914761,3,7,0,11,1,0,47,0,0,1
58,58 - EstÃ¡dio CÃ©lio de Barros,-43.233993,-22.912545,10,13,2,11,0,1,27,0,0,1
55,55 - Mata Machado,-43.226217,-22.912498,1,16,2,18,0,1,29,0,0,3
54,54 - Morais e Silva,-43.222273,-22.912523,11,8,2,14,0,1,8,0,0,3
56,56 - PraÃ§a Varnhagen,-43.23363,-22.919349,3,20,3,14,1,0,70,0,0,2
51,51 - Cidade Nova,-43.205672,-22.910637,1,10,3,6,0,1,40,0,0,2
50,50 - PraÃ§a SibÃ©lius,-43.22643,-22.977731,4,19,11,2,21,0,37,0,0,2
53,53 - GaffrÃ©e e Guinle,-43.221549,-22.915849,4,7,2,16,0,0,15,0,0,2
81,81 - General VenÃ¢ncio Flores,-43.224574,-22.986208,12,0,4,2,19,2,25,0,0,3
3,3 - PraÃ§a Tiradentes,-43.181887,-22.906848,0,16,15,16,12,2,87,3,4,4
7,7 - Bossa Nova Mall,-43.167037,-22.914619,3,15,8,6,2,1,10,2,2,1
33,33 - Almirante GonÃ§alves,-43.190754,-22.979976,4,5,2,8,25,2,53,1,0,1
32,32 - BolÃ­var,-43.188813,-22.975924,2,20,3,9,23,0,78,0,0,5
31,31 - Santa Clara,-43.186443,-22.972278,0,21,5,7,20,1,84,0,0,6
30,30 - Santa Clara 98,-43.187914,-22.970645,3,14,5,6,17,1,80,0,0,5
36,36 - Joaquim Nabuco,-43.196126,-22.987292,10,2,2,7,27,2,30,1,0,1
34,34 - Conselheiro Lafaiete,-43.192073,-22.986346,17,1,2,7,22,2,23,1,0,0
60,60 - Maxwell,-43.243779,-22.920075,3,10,1,10,1,0,62,0,0,1
62,62 - ColÃ©gio N. S. da MisericÃ³rdia,-43.245579,-22.925761,1,14,1,8,0,0,30,0,0,0
63,63 - PraÃ§a Xavier de Brito,-43.242762,-22.932195,2,11,1,9,0,0,35,0,0,1
64,64 - MetrÃ´ Uruguai,-43.239622,-22.932108,3,16,1,10,0,0,44,0,0,1
65,65 - MetrÃ´ Uruguaiana,-43.182229,-22.90262,1,19,13,12,11,1,80,2,4,4
67,67 - Gomes Freire,-43.182991,-22.912732,0,9,13,11,11,5,67,2,3,2
68,68 - Rua do Catete,-43.177206,-22.923425,2,19,3,3,7,5,14,1,0,0
69,69 - PalÃ¡cio do Catete,-43.176526,-22.926982,9,5,2,3,8,4,20,0,0,0
2,2 - PraÃ§a da RepÃºblica,-43.190287,-22.907434,2,17,6,6,3,3,45,0,2,1
6,6 - PraÃ§a Marechal Ãncora,-43.171636,-22.90411,3,16,8,15,10,0,46,2,2,3
10,10 - Largo da GlÃ³ria,-43.177391,-22.920544,2,13,4,6,7,2,10,1,0,0
13,13 - Parque Guinle,-43.182297,-22.932168,3,12,2,5,7,2,23,0,0,0
12,12 - Artur Bernardes,-43.179264,-22.928415,3,11,2,4,10,5,22,0,0,0
15,15 - Alegrete,-43.193592,-22.938564,8,5,0,1,1,2,6,0,0,0
14,14 - Pereira da Silva,-43.185815,-22.933408,3,11,2,8,7,2,22,0,0,0
16,16 - PraÃ§a SÃ£o Judas Tadeu,-43.198005,-22.94057,13,8,0,1,1,2,1,0,0,0
19,19 - Guilhermina Guinle,-43.188683,-22.949624,1,10,2,7,7,2,65,0,1,2
18,18 - PraÃ§a NicarÃ¡gua,-43.177242,-22.940958,7,6,1,6,6,1,46,0,0,2
48,48 - Parque das Figueiras,-43.218609,-22.976067,12,6,9,2,23,3,42,0,0,2
49,49 - Shopping da GÃ¡vea,-43.227881,-22.975478,2,11,10,1,14,1,26,0,0,0
47,47 - Parque dos Patins,-43.217447,-22.972408,5,10,4,0,13,3,7,0,0,0
44,44 - EpitÃ¡cio Pessoa 4224,-43.205854,-22.969634,1,17,0,2,3,2,3,0,0,0
45,45 - EpitÃ¡cio Pessoa 4794,-43.203574,-22.965488,7,12,0,1,5,2,7,0,0,0
42,42 - MetrÃ´ Lagoa,-43.200969,-22.979019,1,17,3,8,24,2,40,1,0,1
43,43 - Parque da Catacumba,-43.200159,-22.975651,4,8,2,10,17,1,41,0,0,1
41,41 - Maria QuitÃ©ria,-43.207046,-22.980631,12,6,1,5,22,3,42,1,0,2
1,1 - Central do Brasil,-43.190611,-22.904152,9,8,6,6,3,3,41,0,2,1
9,9 - Sala CecÃ­lia Meirelles,-43.178669,-22.913925,0,13,16,12,10,5,44,3,3,1
77,77 - Cine Leblon,-43.221066,-22.980997,5,11,8,2,23,4,42,0,0,3
75,75 - Pinheiro GuimarÃ£es,-43.196413,-22.958822,2,13,4,2,4,0,33,0,0,1
74,74 - Visconde de Caravelas,-43.194864,-22.956734,2,16,2,3,5,0,31,0,0,0
73,73 - Furnas,-43.191601,-22.956443,4,19,2,6,6,0,62,0,1,1
79,79 - SÃ£o Conrado,-43.257936,-22.998672,6,3,1,0,0,0,1,0,0,0
217,217 - BalanÃ§a Mas NÃ£o Cai,-43.193822,-22.906336,2,13,1,3,0,2,24,0,1,1
215,215 - Aeroporto Santos Dumont,-43.168147,-22.911303,2,21,8,10,4,1,33,2,2,1
210,210 - PraÃ§a XV,-43.173943,-22.902256,6,21,12,13,9,1,56,2,3,3
165,165 - Tijuca off shopping,-43.235984,-22.923657,5,8,1,12,1,0,76,0,0,1
219,219 - Moncorvo Filho,-43.192116,-22.909863,5,12,6,3,2,3,38,0,1,1
133,133 - Pasteur,-43.168657,-22.954075,9,5,2,6,7,0,33,0,0,0
132,132 - Escola Eleva,-43.17946,-22.953549,18,0,1,7,3,0,79,0,1,2
131,131 - MetrÃ´ Botafogo,-43.184037,-22.951815,4,17,1,6,4,0,88,0,1,2
134,134 - PÃ£o de AÃ§Ãºcar,-43.16483,-22.954261,7,13,1,5,7,0,0,0,0,0
139,139 - Buarque de Macedo,-43.173929,-22.929609,12,0,2,5,6,4,19,0,0,0
138,138 - PraÃ§a JosÃ© de Alencar,-43.177603,-22.933479,4,10,2,7,8,4,23,0,0,0
166,166 - Rabicho Tijuca,-43.235231,-22.925892,3,7,2,13,1,0,79,0,0,1
160,160 - Lineu de Paula Machado,-43.216241,-22.964274,13,2,2,2,11,4,2,0,0,0
161,161 - Jd. BotÃ¢nico 716,-43.218812,-22.965475,5,6,3,1,10,4,2,0,0,0
163,163 - ViÃºva Lacerda,-43.198877,-22.957188,0,16,2,3,7,0,21,0,0,0
285,285 - GlÃ¡ucio Gil Praia,-43.457011,-23.025158,5,6,0,0,0,0,0,0,0,0
119,119 - Parque Lage,-43.211659,-22.961231,9,1,0,2,10,1,3,0,0,0
120,120 - Rua da Passagem,-43.182368,-22.952383,6,17,2,7,3,0,83,0,1,2
121,121 - Mourisco,-43.180933,-22.949665,6,14,1,9,4,0,83,0,1,2
123,123 - Bambina,-43.185834,-22.949209,0,14,2,8,8,1,88,0,1,2
124,124 - PraÃ§a Joia Valansi,-43.183939,-22.945302,7,7,0,11,6,1,57,0,1,2
126,126 - Clarice Ãndio do Brasil,-43.178655,-22.940035,0,13,1,7,5,2,44,0,0,2
127,127 - HonÃ³rio de Barros,-43.176488,-22.939106,7,7,1,6,6,2,45,0,0,2
128,128 - PalÃ¡cio da Cidade,-43.193996,-22.951258,0,22,2,4,5,1,34,0,0,0
129,129 - VoluntÃ¡rios 229,-43.189421,-22.953276,0,9,2,5,6,1,64,0,1,2
167,167 - MetrÃ´ Saens Pena,-43.232603,-22.924436,5,22,2,11,1,0,73,0,0,1
299,309 - AQWA Corporate,-43.196273,-22.893595,3,8,0,0,0,0,4,0,2,0
290,290 - Barra World,-43.441094,-23.00989,0,11,0,0,0,1,4,0,0,0
164,164 - Shopping Tijuca,-43.236022,-22.921632,6,10,2,13,1,0,74,0,0,2
179,179 - Haddock Lobo,-43.21863,-22.920984,12,2,1,12,0,0,15,0,0,2
195,195 - Senador Muniz Freire,-43.240144,-22.921017,0,15,1,15,1,0,73,0,0,2
194,194 - BatalhÃ£o de PolÃ­cia do ExÃ©rcito,-43.238897,-22.924204,10,7,1,11,1,0,74,0,0,1
197,197 - OctacÃ­lio NegrÃ£o de Lima,-43.241554,-22.917976,7,6,0,13,1,0,69,0,0,2
178,178 - PraÃ§a da Bandeira,-43.215234,-22.912239,7,10,3,15,0,1,44,0,0,4
190,190 - MetrÃ´ Afonso Pena,-43.217588,-22.91793,9,21,1,14,0,0,12,0,0,3
193,193 - Uruguai,-43.243501,-22.928671,0,13,1,9,1,0,68,0,0,0
192,192 - Saens Pena Medical Center,-43.229355,-22.923702,5,6,1,9,1,0,71,0,0,1
227,227 - Saara Buenos Aires,-43.185103,-22.905364,3,6,12,12,10,2,79,1,4,3
88,88 - BarÃ£o da Torre 577,-43.209327,-22.982969,10,7,3,5,21,1,47,0,0,3
89,89 - PraÃ§a Nossa Senhora da Paz,-43.206539,-22.98424,13,0,1,5,22,1,42,1,0,1
112,112 - Mureta da Urca,-43.167521,-22.950328,12,3,0,6,3,0,27,0,0,0
87,87 - BarÃ£o da Torre 631,-43.212324,-22.9828,6,13,3,2,19,0,45,0,0,2
84,84 - Ataulfo de Paiva,-43.219619,-22.983846,10,0,7,2,24,2,44,0,0,3
85,85 - Jardim de Alah,-43.215927,-22.983844,9,14,3,2,22,0,39,0,0,2
198,198 - Conde de Bonfim,-43.226439,-22.924745,5,4,1,10,1,0,62,0,0,1
256,256 - HumaitÃ¡,-43.202726,-22.960477,4,11,1,2,7,2,13,1,0,0
206,206 - Tribunal MarÃ­timo,-43.174971,-22.901348,11,2,12,11,10,1,64,2,3,3
226,226 - Rua do Rezende,-43.188012,-22.913766,0,21,8,6,7,5,34,1,1,1
177,177 - Senador Furtado,-43.220415,-22.910341,5,10,1,12,0,1,6,0,0,3
247,247 - PraÃ§a Pimentinha,-43.325224,-23.003723,0,19,0,2,0,0,12,0,0,0
255,255 - PraÃ§a Euvaldo Lodi,-43.304132,-23.008688,8,3,0,1,1,0,12,0,0,1
225,225 - RepÃºblica do LÃ­bano,-43.185757,-22.907336,1,10,13,12,9,2,82,1,2,3
102,102 - MetrÃ´ Cantagalo,-43.194224,-22.976476,4,23,2,11,25,1,79,0,0,3
103,103 - BarÃ£o de Ipanema,-43.190964,-22.974293,0,10,4,9,17,1,80,0,0,4
101,101 - Leopoldo Miguez,-43.19171,-22.977519,0,19,2,11,24,1,73,1,0,2
107,107 - Figueiredo MagalhÃ£es,-43.189412,-22.966082,0,17,4,5,13,1,72,0,0,5
104,104 - AssunÃ§Ã£o,-43.185984,-22.943651,6,4,0,10,6,1,48,0,1,2
105,105 - Dias da Rocha,-43.188691,-22.973054,0,15,6,10,18,0,84,0,0,5
252,252 - Parque das Rosas,-43.351815,-23.000749,6,13,2,3,2,0,33,0,0,0
205,205 - PraÃ§a BarÃ£o de LadÃ¡rio,-43.176871,-22.898935,5,10,9,10,9,1,65,1,1,3
223,223 - Henrique Valadares,-43.185822,-22.911129,1,13,13,9,6,4,75,1,2,2
175,175 - FÃ©lix da Cunha,-43.222357,-22.922963,2,17,2,8,0,0,15,0,0,0
174,174 - SÃ£o CristÃ³vÃ£o,-43.223474,-22.910887,7,8,1,14,0,1,6,0,0,3
173,173 - SENAI Tijuca,-43.232327,-22.915517,3,12,2,15,1,0,54,0,0,1
172,172 - MaracanÃ£zinho,-43.229358,-22.91525,8,2,2,16,1,0,51,0,0,2
170,170 - Pereira de Siqueira,-43.22737,-22.920778,6,4,2,17,1,0,72,0,0,4
222,222 - Rua do Senado,-43.189274,-22.910626,1,16,8,5,3,4,43,0,2,1
181,181 - JÃºlio do Carmo,-43.202407,-22.910538,2,12,3,6,0,1,39,0,0,1
253,253 - OlegÃ¡rio Maciel,-43.305169,-23.012581,4,7,0,1,1,0,12,0,0,1
248,248 - Downtown,-43.320717,-23.00429,5,8,0,2,0,0,14,0,0,0
182,182 - MetrÃ´ PraÃ§a Onze,-43.200089,-22.909654,2,13,3,8,0,1,42,0,0,1
162,162 - Pacheco LeÃ£o,-43.222501,-22.965293,9,7,3,1,9,2,2,0,0,0
184,184 - CinelÃ¢ndia,-43.175531,-22.910896,3,16,17,14,8,3,73,3,3,3
220,220 - SantuÃ¡rio Nossa Senhora de FÃ¡tima,-43.19205,-22.912412,2,7,5,3,5,4,37,0,0,1
186,186 - LÃºcio de MendonÃ§a,-43.224546,-22.915451,6,5,2,16,0,0,23,0,0,2
188,188 - MetrÃ´ SÃ£o Francisco Xavier,-43.222574,-22.920432,5,11,2,15,0,0,19,0,0,2
189,189 - Mariz e Barros,-43.21935,-22.914512,5,10,2,12,0,0,10,0,0,3
202,202 - ArmazÃ©m 3,-43.186436,-22.89476,2,15,2,3,3,0,23,0,2,2
196,196 - Ribeiro GuimarÃ£es,-43.237611,-22.918668,3,10,1,17,1,0,72,0,0,2
221,221 - Rua do Riachuelo,-43.185165,-22.914633,0,15,12,7,8,5,35,2,2,0
99,99 - SÃ¡ Ferreira,-43.195018,-22.981934,0,11,3,10,30,2,40,1,0,2
98,98 - BulhÃµes de Carvalho,-43.193377,-22.984628,0,0,2,8,27,2,30,1,0,1
168,168 - BarÃ£o de Mesquita 174,-43.231908,-22.920885,8,11,3,13,1,0,72,0,0,2
169,169 - Conde de Bonfim 526,-43.236745,-22.928453,0,15,1,12,1,0,82,0,0,1
229,229 - Hotel Novo Mundo,-43.172841,-22.924956,4,9,2,3,5,5,12,0,0,0
228,228 - PraÃ§a do Itamaraty,-43.187208,-22.90346,0,18,6,7,6,2,55,0,2,2
91,91 - Visconde de PirajÃ¡,-43.203105,-22.984406,11,0,2,7,25,1,41,1,0,1
90,90 - Joana AngÃ©lica,-43.205035,-22.984911,6,1,1,5,25,1,41,1,0,1
92,92 - Alberto de Campos,-43.202799,-22.981233,3,10,2,6,25,2,42,1,0,1
95,95 - General OsÃ³rio,-43.197051,-22.984724,5,11,3,8,28,2,37,1,0,1
94,94 - Farme de Amoedo 118,-43.200572,-22.982509,3,10,3,10,28,2,46,1,0,1
97,97 - JÃºlio de Castilhos,-43.190429,-22.98388,5,4,2,6,21,2,25,1,0,0
250,250 - Professor Souza AraÃºjo,-43.316902,-23.007213,0,11,0,2,0,0,15,0,0,0
116,116 - PraÃ§a do Lido,-43.175808,-22.96479,3,13,4,4,20,1,58,0,0,4
204,204 - SÃ£o Bento,-43.179494,-22.898395,11,6,6,9,8,1,65,1,1,3
224,224 - Catedral Metropolitana,-43.180911,-22.909549,0,15,17,15,11,4,81,3,4,3
153,153 - EpitÃ¡cio Pessoa,-43.211,-22.980478,7,12,3,3,20,2,47,0,0,3
152,152 - Parque Brig. Faria Lima,-43.217122,-22.978955,2,8,5,2,24,2,36,0,0,3
155,155 - Viaduto Saint Hilaire,-43.204214,-22.963035,3,13,1,2,5,1,11,0,0,0
154,154 - Curva do Calombo,-43.205277,-22.973872,8,8,0,2,7,2,3,0,0,0
157,157 - Borges de Medeiros,-43.207324,-22.962884,6,12,0,2,4,1,3,0,0,0
158,158 - Lagoa Vasco da Gama,-43.209233,-22.962989,11,7,0,2,6,1,3,0,0,0
207,207 - R. da AlfÃ¢ndega,-43.178977,-22.902055,7,16,14,13,10,1,76,2,3,4
203,203 - PraÃ§a MauÃ¡,-43.181523,-22.896865,17,1,2,7,7,0,59,0,2,3
145,145 - PraÃ§a David Ben Gurion,-43.19026,-22.937868,0,14,0,4,2,3,9,0,0,0
143,143 - Fluminense,-43.184319,-22.93597,3,11,2,7,6,3,27,0,0,0
140,140 - Largo do Machado,-43.177714,-22.930687,5,22,2,6,6,4,23,0,0,0
141,141 - Barra Shopping,-43.356646,-22.999406,6,8,3,3,2,0,32,0,0,0
209,209 - Rua da Quitanda,-43.176561,-22.904005,4,11,14,16,13,1,77,2,3,4
208,208 - Av. Passos,-43.184297,-22.902012,0,15,12,10,9,1,76,1,4,3
149,149 - Rainha Guilhermina,-43.226655,-22.98522,8,0,4,2,17,2,25,0,0,2
263,263 - Almare,-43.357176,-23.010269,1,10,0,1,0,0,4,0,0,0
261,261 - PraÃ§a Soldado Geraldo da Cruz,-43.320955,-23.010153,4,11,0,2,0,0,13,0,0,0
267,267 - Terminal Alvorada Leste,-43.364566,-23.001951,14,5,2,2,2,1,26,0,0,0
233,233 - Parque Madureira II,-43.351914,-22.856222,7,21,0,0,0,0,0,0,0,0
180,180 - Joaquim Palhares,-43.21033,-22.91255,5,9,3,9,0,0,43,0,0,3
329,144 - Casas Casadas,-43.18853,-22.93517,5,10,0,7,2,2,8,0,0,0
330,151 - Shopping Leblon,-43.21791,-22.98214,11,0,4,3,29,3,37,0,0,3
171,171 - ColÃ©gio Militar,-43.22641,-22.91637,11,0,2,21,1,0,63,0,0,4
83,83 - Cupertino DurÃ£o,-43.220182,-22.986733,18,2,3,2,21,2,31,0,0,3
40,40 - AfrÃ¢nio,-43.217517,-22.986212,17,0,3,3,23,0,35,0,0,3
38,38 - Garcia D'Ãvila,-43.209282,-22.98582,22,0,3,5,21,1,45,0,0,3
113,113 - RepÃºblica do Peru,-43.18358,-22.965706,4,9,7,6,16,1,96,0,0,6
39,39 - AnÃ­bal de MendonÃ§a,-43.211511,-22.98545,9,0,3,3,20,0,45,0,0,3
176,176 - Radial Oeste,-43.222438,-22.910669,15,0,1,14,0,1,6,0,0,3
244,244 - CondomÃ­nio Vivendas,-43.339543,-23.010233,5,6,0,1,0,0,3,0,0,0
246,246 - Barrabella,-43.345015,-23.010119,1,13,0,1,0,0,7,0,0,0
293,293 - Praia da Macumba,-43.479584,-23.03135,8,7,0,0,0,0,0,0,0,0
257,257 - MetrÃ´ Jardim OceÃ¢nico,-43.310954,-23.007348,0,21,0,1,2,0,19,0,0,1
70,70 - PraÃ§a SÃ£o Salvador,-43.1798,-22.93403,3,18,2,7,7,4,23,0,0,0
201,201 - AquaRio,-43.19325,-22.892672,0,15,0,0,0,0,4,0,1,0
337,251 - Campo de SÃ£o CristÃ³vÃ£o,-43.21942,-22.89841,14,5,0,1,0,1,3,0,0,1
338,288 - Campo de SÃ£o CristÃ³vÃ£o 2,-43.22044,-22.89562,19,4,0,1,0,0,3,0,0,0
304,304 - Marechal Jofre,-43.265701,-22.918949,2,5,0,0,0,1,3,0,0,0
336,318 - Maxwell 431,-43.247541,-22.922514,7,9,1,8,0,0,17,0,0,0
340,243 - Rua SÃ£o CristÃ³vÃ£o,-43.21728,-22.901789,5,10,3,6,0,1,37,0,0,1
343,320 - Silva Pinto,-43.2477,-22.9163,10,4,0,5,0,0,13,0,0,0
342,302 - VoluntÃ¡rios da PÃ¡tria,-43.18683,-22.95221,0,10,2,5,7,1,67,0,1,2
314,314 - AABB Tijuca,-43.21365,-22.91919,1,16,0,10,0,0,10,0,0,3
347,353 - Janeiro Hotel,-43.22268,-22.98659,18,0,3,1,19,2,23,0,0,3
339,322 - Tijolinho,-43.25157,-22.924527,7,10,0,4,0,0,13,0,0,0
295,295 - Clube CaiÃ§aras,-43.2132,-22.98063,9,9,4,2,19,2,45,0,0,2
313,344 - PirajÃ¡ 153,-43.199943,-22.984553,9,0,3,9,31,2,45,1,0,1
352,328 - Chafariz do Lagarto,-43.19511,-22.91173,2,8,0,3,0,3,14,0,0,0
351,312 - Lavradio,-43.1832,-22.90921,0,16,14,15,11,4,84,2,4,4
305,335 - TeÃ³filo Otoni,-43.17902,-22.90013,17,6,11,11,10,1,72,1,1,3
349,130 - General GlicÃ©rio,-43.19166,-22.94019,1,10,0,4,2,3,29,0,0,2
350,310 - Bairro de FÃ¡tima,-43.18829,-22.91656,1,17,4,3,7,4,19,1,0,0
353,211 - Quinta da Boa Vista,-43.222671,-22.909385,9,5,1,13,0,1,5,0,0,3
357,291 - ParÃ³quia de SÃ£o CristÃ³vÃ£o,-43.215529,-22.895927,6,3,3,5,0,0,37,0,0,0
356,284 - PraÃ§a Waldemar Costa e Silva,-43.217758,-22.907086,11,4,3,14,0,1,39,0,0,4
354,218 - PraÃ§a Pedro II,-43.218258,-22.904475,10,0,3,10,0,1,39,0,0,3
355,258 - Largo Pedro Lobiano,-43.222834,-22.899794,9,2,0,2,0,1,3,0,0,1
362,341 - ColÃ©gio Sion,-43.19518,-22.93822,13,8,0,1,1,2,4,0,0,0
361,325 - PraÃ§a Condessa Paulo de Frontin,-43.2092,-22.92444,0,17,0,4,0,0,5,0,0,0
364,315 - E. M. MÃ¡rio ClÃ¡udio,-43.21128,-22.91744,20,2,0,11,0,0,10,0,0,3
366,321 - Boulevard Rio Shopping,-43.25074,-22.91878,6,12,0,6,0,0,13,0,0,0
367,327 - McDonald's Off Shopping,-43.23444,-22.92302,4,17,3,12,1,0,72,0,0,1
363,275 - ASBAC,-43.25465,-22.92402,2,9,0,1,0,0,11,0,0,0
372,340 - Praia de Botafogo,-43.18253,-22.94583,1,13,0,12,6,1,57,0,1,2
373,301 - Bartolomeu Portela,-43.17622,-22.95085,1,12,0,8,4,0,68,0,1,2
71,343 - Domingos Ferreira,-43.185557,-22.971272,2,13,5,8,19,1,82,0,0,6
287,287 - Dez e meio,-43.463301,-23.02722,2,7,0,0,0,1,0,0,0,0
148,148 - Bartolomeu Mitre,-43.223721,-22.981574,11,3,8,2,23,3,38,0,0,3
111,111 - Siqueira Campos,-43.183725,-22.970306,1,16,6,7,20,1,85,0,0,6
28,28 - PraÃ§a DemÃ©trio Ribeiro,-43.175519,-22.961823,2,27,4,8,21,1,63,0,0,4
150,150 - PraÃ§a Atahualpa,-43.227707,-22.988057,12,0,2,1,17,2,14,0,0,1
46,46 - Clube PiraquÃª,-43.216724,-22.96642,7,16,2,2,9,4,3,0,0,0
262,262 - Jardim Marapendi,-43.35092,-23.01011,7,7,0,1,0,0,5,0,0,0
375,346 - Av. MaracanÃ£,-43.231146,-22.917395,1,14,2,15,1,0,68,0,0,2
376,357 - Teodoro da Silva,-43.2570098,-22.9198552,1,10,0,0,0,0,9,0,0,0
374,300 - Fernandes GuimarÃ£es,-43.1824354,-22.9547326,4,10,3,7,5,1,85,0,1,2
377,249 - EdifÃ­cio SÃ£o JanuÃ¡rio,-43.2259274,-22.898963,8,11,0,2,0,1,3,0,0,0
25,25 - UFRJ Praia Vermelha,-43.1763587,-22.9529579,7,10,1,7,4,0,70,0,1,2
379,72 - Promenade SÃ£o Clemente,-43.1909853,-22.949928,3,14,2,6,6,2,64,0,1,2
370,303 - Carvalho de MendonÃ§a,-43.17886,-22.96564,8,6,6,5,21,1,90,0,0,5
24,24 - Lauro MÃ¼ller,-43.177169,-22.956292,18,4,3,9,12,1,79,0,1,1
52,52 - Medalha Milagrosa,-43.212431,-22.915634,15,0,0,9,0,0,9,0,0,4
82,82 - Antero de Quental,-43.223151,-22.984952,25,0,6,2,19,2,31,0,0,3
383,323 - Rua do Bispo,-43.2131325,-22.923537,0,11,0,4,0,0,8,0,0,0
369,292 - PraÃ§a Desembargador AraÃºjo Jorge,-43.2972309,-23.0103797,10,7,0,1,1,0,9,0,0,1
381,245 - Rua Sabino Vieira,-43.225704,-22.901672,5,10,0,3,0,1,3,0,0,0
382,319 - Visconde de AbaetÃ©,-43.243872,-22.9158049,3,11,0,10,1,0,48,0,0,1
185,185 - Rua da Lapa,-43.177851,-22.915535,2,12,16,8,9,3,29,3,2,1
100,100 - Souza Lima,-43.190875,-22.981799,0,9,2,8,22,2,32,1,0,1
384,106 - VLT RodoviÃ¡ria,-43.2074682,-22.8991715,6,9,3,4,0,0,34,0,0,1
76,76 - Baixo GÃ¡vea,-43.2252855,-22.9731047,9,9,9,1,15,2,20,0,0,0
93,93 - PraÃ§a Nossa Senhora Auxiliadora,-43.2220416,-22.9778842,14,0,10,2,23,1,36,0,0,3
371,311 - Sinuca da Lapa,-43.1823567,-22.9141346,1,14,14,10,10,5,46,3,3,1
183,183 - Defensoria PÃºblica,-43.169304,-22.9088639,0,15,9,14,7,1,37,2,2,3
200,200 - ArmazÃ©m da Utopia,-43.19071100000001,-22.8932617,5,10,1,2,0,0,6,0,2,0
360,324 - Aristides Lobo,-43.2087311,-22.920515,0,11,0,5,0,0,7,0,0,1
365,316 - Extra MaracanÃ£,-43.2397442,-22.9278852,7,4,1,11,1,0,79,0,0,1
61,61 - SESC Tijuca,-43.2422748,-22.9243556,0,17,1,8,1,0,73,0,0,1
391,270 - PraÃ§a Professor Francisco D'Ãuria,-43.2588392,-22.923931,4,11,0,0,0,1,9,0,0,0
404,350 - HilÃ¡rio de GouvÃªia,-43.18286,-22.96971,0,23,7,7,20,1,86,0,0,6
358,317 - HUPE,-43.23741,-22.91383,1,14,1,11,1,0,35,0,0,1
125,125 - EdifÃ­cio Argentina,-43.180859,-22.942719,11,7,0,7,5,1,51,0,1,2
122,122 - Botafogo Praia Shopping,-43.182595,-22.947821,6,8,1,10,6,1,68,0,1,2
254,254 - Museu do amanhÃ£,-43.180564,-22.896688,5,3,2,7,7,0,55,0,2,3
232,232 - Parque Madureira I,-43.340157,-22.870154,21,8,1,6,0,1,11,0,0,1
187,187 - Extra Mariz e Barros,-43.223971,-22.91791,7,10,2,16,0,0,27,0,0,3
378,354 - Quinta D'Or,-43.2203959,-22.9057994,9,6,1,9,0,1,6,0,0,3
416,358 - PraÃ§a Gabriel Soares,-43.2344362,-22.9309236,0,15,1,10,1,0,51,0,0,1
389,71 - PalÃ¡cio Guanabara,-43.18317,-22.93894,3,8,2,6,5,3,48,0,0,2
146,146 - PlanetÃ¡rio da GÃ¡vea,-43.23102,-22.979209,2,13,9,2,19,1,25,0,0,1
96,96 - Posto 6,-43.189385,-22.986497,13,2,2,5,19,1,18,1,0,0
11,11 - PraÃ§a Luiz de CamÃµes,-43.1746,-22.92074,10,5,4,6,4,2,8,1,0,0
137,137 - Tucumam,-43.1744096,-22.9353419,15,1,2,7,7,4,21,0,0,0
17,17 - Oswaldo Cruz,-43.173577,-22.938452,16,2,2,6,6,4,22,0,0,2
442,349 - Instituto Benjamin Constant,-43.17109629523261,-22.953379467196385,9,1,1,6,6,0,35,0,0,0
421,216 - Maison Laranjeiras,-43.18356057861562,-22.93301573562985,1,20,2,6,8,3,24,0,0,0
142,142 - Praia do Flamengo,-43.173542,-22.927129,8,2,2,3,5,4,16,0,0,0
264,264 - Alfa Barra,-43.364867,-23.010788,3,7,0,2,0,0,2,0,0,0
241,241 - Posto 4 Barra,-43.325769,-23.011268,3,12,0,2,0,0,12,0,0,0
240,240 - Windsor Barra,-43.3212711,-23.0121746,11,4,0,2,0,0,12,0,0,0
235,235 - R. Tenente Airton Pereira,-43.301609,-23.014507,8,6,0,1,1,0,11,0,0,1
234,234 - Pier Barra da Tijuca,-43.297974,-23.01446,12,1,0,1,1,0,10,0,0,1
237,237 - Adilson SerÃ´a da Motta,-43.309691,-23.013687,12,0,0,1,1,0,12,0,0,1
238,238 - Port Brise,-43.313852,-23.013824,8,5,0,1,1,0,12,0,0,0
236,236 - PraÃ§a Jornalista MÃ¡rio Filho,-43.306659,-23.014772,11,2,0,1,1,0,12,0,0,1
239,239 - PraÃ§a SÃ£o PerpÃ©tuo,-43.317209,-23.012993,11,2,0,2,0,0,11,0,0,0
242,242 - Posto 5 Barra,-43.331118,-23.010631,1,14,0,1,0,0,4,0,0,0
259,259 - Posto 9 Recreio,-43.44945,-23.022885,11,5,0,0,0,0,0,0,0,0
260,260 - Posto 12 Recreio,-43.468991,-23.030275,7,13,0,0,0,1,0,0,0,0
271,271 - Alfa Barra II,-43.369417,-23.010769,3,7,0,1,0,0,2,0,0,0
78,78 - Fashion Mall,-43.258595,-22.996072,6,5,1,0,0,0,1,0,0,0
231,231 - Prefeito Mendes de Morais,-43.266257,-22.99956,8,5,1,0,0,0,1,0,0,0
230,230 - MetrÃ´ SÃ£o Conrado,-43.253625,-22.993594,0,16,1,0,0,0,1,0,0,0
80,80 - PraÃ§a SÃ£o Conrado,-43.270801,-23.000536,17,1,0,0,0,0,0,0,0,0
439,342 - Quinta da Boa Vista 2,-43.22243224138423,-22.908778654796723,12,3,1,13,0,1,5,0,0,3
118,118 - Anchieta,-43.1697,-22.963343,9,0,2,2,15,0,37,0,0,1
57,57 - PraÃ§a NiterÃ³i,-43.235028,-22.915817,8,6,2,14,1,0,56,0,0,2
117,117 - AntÃ´nio Vieira,-43.172378,-22.964181,6,19,4,2,17,1,45,0,0,3
345,280 - PraÃ§a Edmundo RÃªgo,-43.26436,-22.92278,1,26,0,0,0,1,3,0,0,0
114,114 - Cardeal Arcoverde,-43.180422,-22.964994,0,23,7,5,21,1,103,0,0,6
109,109 - MetrÃ´ Siqueira Campos,-43.18733,-22.967553,1,27,4,6,15,1,76,0,0,5
159,159 - Hospital da Lagoa,-43.216168,-22.962706,5,10,2,2,11,2,2,0,0,0
37,352 - Gomes Carneiro,-43.197449,-22.986306,9,3,3,7,28,2,39,1,0,1
86,86 - Henrique Dumont,-43.213832,-22.986038,21,0,4,2,19,0,43,0,0,2
27,27 - Pedra do Leme,-43.165407,-22.962102,14,15,1,4,10,0,2,0,0,0
214,214 - Poeta Manuel Bandeira,-43.171988,-22.910231,1,21,11,15,7,2,46,3,2,2
212,212 - Buraco do Lume,-43.175917,-22.906208,2,12,16,17,13,1,77,2,3,4
213,213 - PraÃ§a do ExpedicionÃ¡rio,-43.172874,-22.906758,2,21,15,17,10,1,55,3,3,3
344,351 - Constante Ramos,-43.18787,-22.97458,0,13,5,9,21,0,84,0,0,5
136,136 - MetrÃ´ Flamengo,-43.178053,-22.937276,1,12,2,6,6,4,26,0,0,0
5,5 - Largo da Carioca,-43.177804,-22.907568,2,15,17,17,12,1,80,3,3,4
346,330 - PraÃ§a da Apoteose,-43.19595,-22.91418,7,14,0,3,1,3,9,0,0,0
35,35 - Pedra do Arpoador,-43.191618,-22.988905,15,2,1,7,19,1,20,1,0,0
